{"cameraMode":{"drawMode":0,"name":"Shaded","section":"Shading Mode"},"sceneLighting":true,"audioPlay":false,"sceneViewState":{"m_AlwaysRefresh":false,"showFog":true,"showSkybox":true,"showFlares":true,"showImageEffects":true,"showParticleSystems":true,"showVisualEffectGraphs":true,"m_FxEnabled":true},"in2DMode":false,"pivot":{"x":-1.1251649856567383,"y":-0.22155392169952393,"z":1.8890482187271119},"rotation":{"x":0.04420892149209976,"y":-0.9280387759208679,"z":0.11637743562459946,"w":0.3511892855167389},"size":8.783167839050293,"orthographic":true}