{"cameraMode":{"drawMode":0,"name":"Shaded","section":"Shading Mode"},"sceneLighting":true,"audioPlay":false,"sceneViewState":{"m_AlwaysRefresh":false,"showFog":true,"showSkybox":true,"showFlares":true,"showImageEffects":true,"showParticleSystems":true,"showVisualEffectGraphs":true,"m_FxEnabled":true},"in2DMode":false,"pivot":{"x":-1.1251649856567383,"y":-0.22155392169952393,"z":1.8890482187271119},"rotation":{"x":0.13807448744773866,"y":-0.8620843887329102,"z":0.3410850465297699,"w":0.3485625982284546},"size":1.9977033138275147,"orthographic":true}